任务ID,任务名称,任务类型,所属模块,功能描述,页面路径,优先级,负责人,计划开始时间,计划完成时间,实际完成时间,任务状态,备注
TASK-001,门户首页,页面开发,门户端,平台门户首页展示，包含轮播、统计、功能介绍、软件展示、政策展示,/,高,,2026-03-01,2026-03-05,,已完成,包含Hero区域、功能模块、软件推荐、政策展示
TASK-002,软件产品列表,页面开发,门户端,软件产品列表展示，支持分类筛选和搜索,/software,高,,2026-03-01,2026-03-05,,已完成,支持多维度筛选和排序
TASK-003,软件产品详情,页面开发,门户端,软件产品详细信息展示,/software/:id,高,,2026-03-01,2026-03-05,,已完成,包含软件介绍、功能特点、技术参数
TASK-004,政策中心,页面开发,门户端,政策列表展示和查看,/policy,高,,2026-03-01,2026-03-05,,已完成,政策分类展示和详情查看
TASK-005,需求广场,页面开发,门户端,需求对接展示,/demand,高,,2026-03-01,2026-03-05,,已完成,需求列表和详情展示
TASK-006,用户登录,页面开发,门户端,用户登录（账号密码/手机号验证码）,/login,高,,2026-03-01,2026-03-05,,已完成,支持密码登录和验证码登录
TASK-007,用户注册,页面开发,门户端,用户注册（手机号+验证码+密码）,/register,高,,2026-03-01,2026-03-05,,已完成,四步注册流程
TASK-008,企业中心首页,页面开发,企业端,企业端Dashboard，展示统计信息和快捷入口,/enterprise,高,,2026-03-06,2026-03-10,,已完成,数据可视化展示
TASK-009,企业入驻申请,页面开发,企业端,企业入驻申请表单（基本信息+资质信息）,/enterprise/apply,高,,2026-03-06,2026-03-10,,已完成,三步申请流程
TASK-010,软件发布,页面开发,企业端,软件产品发布（基本信息+功能介绍+附件上传）,/enterprise/software/publish,高,,2026-03-06,2026-03-10,,已完成,支持草稿保存
TASK-011,我的软件,页面开发,企业端,已发布软件列表管理,/enterprise/software/list,高,,2026-03-06,2026-03-10,,已完成,软件状态管理
TASK-012,补贴申报,页面开发,企业端,补贴券申报（选择软件+填写信息+上传附件）,/enterprise/subsidy/apply,高,,2026-03-06,2026-03-10,,已完成,自动计算补贴金额
TASK-013,我的补贴,页面开发,企业端,补贴申报记录和使用管理,/enterprise/subsidy/list,高,,2026-03-06,2026-03-10,,已完成,补贴券使用管理
TASK-014,需求提交,页面开发,企业端,需求发布和管理,/enterprise/demands,高,,2026-03-06,2026-03-10,,已完成,三步提交流程
TASK-015,留言提交,页面开发,企业端,向平台提交留言（个性化需求/咨询/建议）,/enterprise/messages,高,,2026-03-06,2026-03-10,,已完成,支持选择软件类型
TASK-016,消息中心,页面开发,企业端,站内消息查看和管理,/enterprise/message-center,中,,2026-03-11,2026-03-12,,已完成,消息列表和详情
TASK-017,通知设置,页面开发,企业端,消息通知方式设置,/enterprise/notification-settings,中,,2026-03-11,2026-03-12,,已完成,多渠道通知配置
TASK-018,平台首页,页面开发,平台端,平台端Dashboard，展示运营统计数据,/platform,高,,2026-03-11,2026-03-15,,已完成,运营数据可视化
TASK-019,企业审核,页面开发,平台端,企业入驻申请审核管理,/platform/audit/enterprise,高,,2026-03-11,2026-03-15,,已完成,支持批量审核
TASK-020,软件审核,页面开发,平台端,软件产品发布审核管理,/platform/audit/software,高,,2026-03-11,2026-03-15,,已完成,支持批量审核
TASK-021,补贴审核,页面开发,平台端,补贴券申报审核管理,/platform/audit/subsidy,高,,2026-03-11,2026-03-15,,已完成,支持批量审核
TASK-022,需求汇总,页面开发,平台端,需求对接汇总和管理,/platform/demands,高,,2026-03-11,2026-03-15,,已完成,需求匹配管理
TASK-023,数据统计,页面开发,平台端,运营数据统计和多维度分析,/platform/statistics,高,,2026-03-11,2026-03-15,,已完成,多维度报表
TASK-024,政策管理,页面开发,平台端,政策发布、编辑、下架、置顶管理,/platform/policy,高,,2026-03-11,2026-03-15,,已完成,支持草稿和置顶
TASK-025,用户管理,页面开发,平台端,平台用户管理,/platform/users,高,,2026-03-11,2026-03-15,,已完成,用户CRUD操作
TASK-026,角色管理,页面开发,平台端,角色权限配置管理,/platform/role,高,,2026-03-11,2026-03-15,,已完成,权限分配
TASK-027,菜单管理,页面开发,平台端,系统菜单配置管理,/platform/menu,高,,2026-03-11,2026-03-15,,已完成,菜单树管理
TASK-028,部门管理,页面开发,平台端,部门组织架构管理,/platform/dept,高,,2026-03-11,2026-03-15,,已完成,部门树管理
TASK-029,岗位管理,页面开发,平台端,岗位职位管理,/platform/post,高,,2026-03-11,2026-03-15,,已完成,岗位CRUD
TASK-030,留言管理,页面开发,平台端,企业留言查看和回复,/platform/messages,高,,2026-03-11,2026-03-15,,已完成,留言回复功能
TASK-031,数据字典,页面开发,平台端,数据字典管理（多级字典）,/platform/dict,高,,2026-03-11,2026-03-15,,已完成,多级字典支持
TASK-032,操作日志,页面开发,平台端,系统操作日志查询,/platform/logs/operation,中,,2026-03-16,2026-03-17,,已完成,日志查询和导出
TASK-033,登录日志,页面开发,平台端,用户登录日志查询,/platform/logs/login,中,,2026-03-16,2026-03-17,,已完成,登录记录查询
TASK-034,消息模板,页面开发,平台端,消息通知模板配置,/platform/message-template,中,,2026-03-16,2026-03-17,,已完成,模板变量支持
TASK-035,消息发送,页面开发,平台端,站内消息发送管理,/platform/message-send,中,,2026-03-16,2026-03-17,,已完成,支持按角色发送
TASK-036,发送记录,页面开发,平台端,消息发送记录查询,/platform/message-record,中,,2026-03-16,2026-03-17,,已完成,发送状态跟踪
